District,Price
Kowloon City District,$36
Kowloon City District,$33
Kowloon City District,$37
Kowloon City District,$30
Kowloon City District,$38
Kwun Tong District,$43
Kwun Tong District,$36
Kwun Tong District,$30
Kwun Tong District,$25
Kwun Tong District,$35
Kwun Tong District,$28
Kwun Tong District,$34
Kwun Tong District,$28
Kwun Tong District,$30
Kwun Tong District,$34
North District,$32
North District,$30
North District,$25
North District,$30
North District,$32
North District,$30
Central and Western District,$42
Central and Western District,$36
Central and Western District,$36
Central and Western District,$40
Central and Western District,$42
Central and Western District,$25
Central and Western District,$48
Central and Western District,$55
Central and Western District,$30
Central and Western District,$43
Central and Western District,$30
Central and Western District,$49
Central and Western District,$44
Central and Western District,$33
Kowloon City District,$37
Kowloon City District,$33
Kowloon City District,$33
Kowloon City District,$30
Kowloon City District,$32
Kowloon City District,$30
Kowloon City District,$28
Kowloon City District,$30
Kowloon City District,$32
Kowloon City District,$35
Kowloon City District,$32
Eastern District,$28
Yau Tsim Mong District,$29
Yau Tsim Mong District,$41
Yau Tsim Mong District,$45
Yau Tsim Mong District,$35
Yau Tsim Mong District,$35
Yau Tsim Mong District,$28
Yau Tsim Mong District,$34
Tai Po District,$25
Tai Po District,$36
Tai Po District,$29
Tai Po District,$28
Tai Po District,$25
Tai Po District,$25
Tai Po District,$35
Tai Po District,$30
Tai Po District,$28
Tai Po District,$28
Tai Po District,$35
Tai Po District,$30
Sha Tin District,$28
Sha Tin District,$34
Sha Tin District,$32
Sha Tin District,$37
Sha Tin District,$30
Tsuen Wan District,$25
Tsuen Wan District,$25
Eastern District,$25
Eastern District,$32
Eastern District,$30
Eastern District,$32
Central and Western District,$25
Central and Western District,$48
Central and Western District,$43
Central and Western District,$30
Central and Western District,$35
Central and Western District,$75
Central and Western District,$69
Yuen Long District,$35
Yuen Long District,$32
Yuen Long District,$28
Yuen Long District,$35
Yuen Long District,$35
Yuen Long District,$30
Yuen Long District,$35
Yuen Long District,$29
Yuen Long District,$30
Yuen Long District,$34
Yuen Long District,$30
Yuen Long District,$38
Yuen Long District,$39
Yuen Long District,$32
Yuen Long District,$36
Yuen Long District,$28
Yuen Long District,$30
Yuen Long District,$38
Yuen Long District,$41
Yuen Long District,$28
Yuen Long District,$29
Yuen Long District,$37
Yuen Long District,$32
Yuen Long District,$35
Yuen Long District,$39
Yuen Long District,$32
Yuen Long District,$38
Eastern District,$35
Eastern District,$45
Eastern District,$35
Eastern District,$28
Yau Tsim Mong District,$35
Sham Shui Po District,$32
Eastern District,$40
Tuen Mun District,$36
Tuen Mun District,$30
Tuen Mun District,$36
Tuen Mun District,$30
Tuen Mun District,$30
Tuen Mun District,$25
Tuen Mun District,$25
Tuen Mun District,$40
Tuen Mun District,$38
Tuen Mun District,$30
Tuen Mun District,$28
Tuen Mun District,$33
Tuen Mun District,$33
Tuen Mun District,$28
Tuen Mun District,$28
Tuen Mun District,$28
Tuen Mun District,$30
Tuen Mun District,$32
Tuen Mun District,$30
Tuen Mun District,$36
Tuen Mun District,$35
Tuen Mun District,$32
Tuen Mun District,$40
Tuen Mun District,$35
Tuen Mun District,$36
Tuen Mun District,$36
Tuen Mun District,$38
Tuen Mun District,$36
Tuen Mun District,$35
Tuen Mun District,$36
Sha Tin District,$30
Sha Tin District,$42
Sha Tin District,$48
Kwun Tong District,$30
Wong Tai Sin District,$32
Kwun Tong District,$35
Kwun Tong District,$42
Kwun Tong District,$46
Kwun Tong District,$46
Eastern District,$32
Eastern District,$28
Eastern District,$32
Eastern District,$25
Eastern District,$34
Eastern District,$28
Eastern District,$32
Eastern District,$35
Sha Tin District,$39
Tsuen Wan District,$36
Sham Shui Po District,$30
Sham Shui Po District,$45
Sham Shui Po District,$28
Sham Shui Po District,$28
Sham Shui Po District,$43
Kwai Tsing District,$34
Kwai Tsing District,$36
Kwai Tsing District,$38
Kwai Tsing District,$44
Kwai Tsing District,$36
Kwun Tong District,$33
Yau Tsim Mong District,$30
Yau Tsim Mong District,$30
Yau Tsim Mong District,$30
Yau Tsim Mong District,$30
Sai Kung District,$25
Central and Western District,$36
Central and Western District,$25
Central and Western District,$25
Central and Western District,$38
Central and Western District,$30
Central and Western District,$36
Central and Western District,$36
Eastern District,$30
Eastern District,$35
Eastern District,$30
Eastern District,$40
Yau Tsim Mong District,$30
Yau Tsim Mong District,$30
Yau Tsim Mong District,$34
Yau Tsim Mong District,$30
Yau Tsim Mong District,$25
Yau Tsim Mong District,$25
Yau Tsim Mong District,$43
Yau Tsim Mong District,$32
Yau Tsim Mong District,$35
Yau Tsim Mong District,$38
Yau Tsim Mong District,$40
Kowloon City District,$25
Kowloon City District,$33
Kowloon City District,$42
Southern District,$25
Sai Kung District,$29
Sai Kung District,$32
Eastern District,$28
Sha Tin District,$36
Sha Tin District,$27
Sha Tin District,$32
Sha Tin District,$28
Sha Tin District,$25
Sha Tin District,$25
Sha Tin District,$35
Sha Tin District,$28
Sha Tin District,$30
Sha Tin District,$27
Sha Tin District,$30
Sha Tin District,$58
Kwun Tong District,$28
Kwun Tong District,$32
Yau Tsim Mong District,$32
Yau Tsim Mong District,$30
Yau Tsim Mong District,$28
Yau Tsim Mong District,$40
Yau Tsim Mong District,$28
Yau Tsim Mong District,$28
Yau Tsim Mong District,$50
Yau Tsim Mong District,$35
Yau Tsim Mong District,$34
Yau Tsim Mong District,$35
Yau Tsim Mong District,$28
Yau Tsim Mong District,$28
Islands District,$34
Islands District,$36
Islands District,$38
Islands District,$35
Yau Tsim Mong District,$34
Yau Tsim Mong District,$38
Yau Tsim Mong District,$36
Yau Tsim Mong District,$35
Yau Tsim Mong District,$36
Yau Tsim Mong District,$30
Yau Tsim Mong District,$40
Yau Tsim Mong District,$25
Kwun Tong District,$34
Kwun Tong District,$32
Kwun Tong District,$33
Kwun Tong District,$35
Kwun Tong District,$44
Central and Western District,$46
Central and Western District,$39
Central and Western District,$75
Central and Western District,$70
Sham Shui Po District,$38
Sham Shui Po District,$28
Sham Shui Po District,$30
Sham Shui Po District,$31
Sham Shui Po District,$35
Sham Shui Po District,$32
Sham Shui Po District,$30
Sham Shui Po District,$33
Sham Shui Po District,$28
Sham Shui Po District,$45
Sham Shui Po District,$25
Sham Shui Po District,$32
Islands District,$40
Kwai Tsing District,$33
Kwai Tsing District,$34
Kwai Tsing District,$30
Yuen Long District,$38
Yuen Long District,$35
Yuen Long District,$38
Eastern District,$25
Eastern District,$30
Eastern District,$36
Eastern District,$34
Kowloon City District,$28
Kowloon City District,$28
Kowloon City District,$30
Kowloon City District,$25
Kowloon City District,$30
Kowloon City District,$28
Kowloon City District,$30
Kowloon City District,$26
Kowloon City District,$36
Kowloon City District,$37
Sham Shui Po District,$20
Sham Shui Po District,$32
Sham Shui Po District,$30
Southern District,$30
Southern District,$35
Eastern District,$30
Eastern District,$38
Eastern District,$32
Eastern District,$38
Eastern District,$35
Kwai Tsing District,$28
North District,$30
North District,$30
North District,$25
North District,$25
North District,$35
North District,$35
North District,$29
North District,$29
North District,$29
North District,$30
North District,$28
Sham Shui Po District,$36
Sham Shui Po District,$38
Sham Shui Po District,$38
Sham Shui Po District,$32
Sham Shui Po District,$36
Sham Shui Po District,$37
Tsuen Wan District,$43
Tsuen Wan District,$32
Tsuen Wan District,$32
Tsuen Wan District,$36
Tsuen Wan District,$36
Tsuen Wan District,$30
Tsuen Wan District,$36
Tsuen Wan District,$35
Tsuen Wan District,$40
Tsuen Wan District,$30
Tsuen Wan District,$35
Tsuen Wan District,$30
Tsuen Wan District,$33
Tsuen Wan District,$37
Tsuen Wan District,$30
Sham Shui Po District,$36
Sha Tin District,$25
Sha Tin District,$35
Sha Tin District,$30
Sha Tin District,$30
Central and Western District,$25
Central and Western District,$36
Central and Western District,$33
Sai Kung District,$35
Sai Kung District,$38
Sai Kung District,$33
Eastern District,$40
Eastern District,$38
Eastern District,$25
Sai Kung District,$42
Wong Tai Sin District,$25
Kwun Tong District,$28
Kowloon City District,$32
Kowloon City District,$27
Tsuen Wan District,$35
Sham Shui Po District,$33
Sham Shui Po District,$35
Sham Shui Po District,$28
Sham Shui Po District,$28
Sham Shui Po District,$32
Sham Shui Po District,$28
Sham Shui Po District,$36
Sham Shui Po District,$30
Sham Shui Po District,$35
Sham Shui Po District,$32
Sham Shui Po District,$35
Sham Shui Po District,$35
Sham Shui Po District,$32
Sham Shui Po District,$34
Sham Shui Po District,$32
Sham Shui Po District,$28
Sham Shui Po District,$30
Sham Shui Po District,$26
Sham Shui Po District,$30
Sham Shui Po District,$30
Sham Shui Po District,$33
Sham Shui Po District,$32
Sham Shui Po District,$38
Sham Shui Po District,$28
Islands District,$62
Islands District,$41
Southern District,$25
Kwun Tong District,$33
Kwun Tong District,$25
Wong Tai Sin District,$28
Wong Tai Sin District,$36
Wong Tai Sin District,$30
Wong Tai Sin District,$33
Wong Tai Sin District,$34
Wong Tai Sin District,$30
Southern District,$45
Southern District,$43
Wong Tai Sin District,$33
Wong Tai Sin District,$33
Wong Tai Sin District,$35
Kowloon City District,$50
Wong Tai Sin District,$36
Wong Tai Sin District,$40
Wong Tai Sin District,$32
Wong Tai Sin District,$38
Wong Tai Sin District,$28
Wong Tai Sin District,$28
Wong Tai Sin District,$32
Wong Tai Sin District,$36
Wong Tai Sin District,$38
Eastern District,$32
Eastern District,$33
Eastern District,$25
Eastern District,$25
Eastern District,$30
Eastern District,$33
Kwai Tsing District,$34
Kwai Tsing District,$32
Kwai Tsing District,$32
Kwai Tsing District,$32
Kwai Tsing District,$30
Kwai Tsing District,$40
Kwai Tsing District,$35
Kwai Tsing District,$25
Kwai Tsing District,$35
Kwai Tsing District,$28
Kwai Tsing District,$29
Kwai Tsing District,$32
Kwai Tsing District,$30
Kwai Tsing District,$40
Kwai Tsing District,$32
Kwai Tsing District,$35
Kwai Tsing District,$32
Kwai Tsing District,$36
Wong Tai Sin District,$25
Wong Tai Sin District,$33
Wong Tai Sin District,$34
Sai Kung District,$32
Wan Chai District,$68
Wan Chai District,$28
Wan Chai District,$35
Wan Chai District,$35
Wan Chai District,$30
Wan Chai District,$34
Wan Chai District,$35
Kowloon City District,$30
Wong Tai Sin District,$36
Sai Kung District,$33
Sai Kung District,$33
Sai Kung District,$32
Sai Kung District,$30
Yuen Long District,$38
Southern District,$25
Southern District,$29
Kwun Tong District,$35
Kwun Tong District,$29
Kwun Tong District,$28
Kwun Tong District,$35
Kwun Tong District,$25
Sai Kung District,$39
Sai Kung District,$25
Sai Kung District,$33
Sai Kung District,$30
Sai Kung District,$40
Eastern District,$40
Eastern District,$34
Eastern District,$38
Eastern District,$50
Wan Chai District,$48
Wan Chai District,$36
Wan Chai District,$39
Wan Chai District,$35
Wan Chai District,$36
Wan Chai District,$38
Wan Chai District,$35
Wan Chai District,$36
Wan Chai District,$28
Wan Chai District,$35
Wan Chai District,$42
Wan Chai District,$42
Wan Chai District,$39
Wan Chai District,$30
Wan Chai District,$45
Wan Chai District,$38
Wan Chai District,$32
Wan Chai District,$33
Wan Chai District,$30
Wan Chai District,$36
Wan Chai District,$41
Wan Chai District,$40
Wan Chai District,$30
Wan Chai District,$40
Wan Chai District,$42
Kwun Tong District,$35
Kwun Tong District,$39
Kwun Tong District,$30
Kwun Tong District,$42
Kwun Tong District,$38
Kwun Tong District,$19
Kwun Tong District,$33
Kwun Tong District,$35
Kwun Tong District,$25
Kwun Tong District,$30
Kwun Tong District,$30
Kwun Tong District,$34
Kwun Tong District,$38
Kwun Tong District,$26
Kwun Tong District,$32
Kwun Tong District,$28
Wong Tai Sin District,$33
Wong Tai Sin District,$30
Wong Tai Sin District,$33